Method,Job,AnalyzeLaunchVariance,EvaluateOverhead,MaxAbsoluteError,MaxRelativeError,MinInvokeCount,MinIterationTime,OutlierMode,Affinity,EnvironmentVariables,Jit,Platform,PowerPlanMode,Runtime,AllowVeryLargeObjects,Concurrent,CpuGroups,Force,HeapAffinitizeMask,HeapCount,NoAffinitize,RetainVm,Server,Arguments,BuildConfiguration,Clock,EngineFactory,NuGetReferences,Toolchain,IsMutator,InvocationCount,IterationCount,IterationTime,LaunchCount,MaxIterationCount,MaxWarmupIterationCount,MemoryRandomization,MinIterationCount,MinWarmupIterationCount,RunStrategy,UnrollFactor,WarmupCount,N,Mean,Error,StdDev,StdErr,Median,Min,Q1,Q3,Max,Op/s,Ratio,RatioSD
Vector2_Bench,DefaultJob,False,Default,Default,Default,Default,Default,Default,1111111111111111,Empty,RyuJit,X64,8c5e7fda-e8bf-4a96-9a85-a6e23a8c635c,.NET 6.0,False,True,False,True,Default,Default,False,False,False,Default,Default,Default,Default,Default,Default,Default,Default,Default,Default,Default,Default,Default,Default,Default,Default,Default,16,Default,10,19.609 ns,0.4185 ns,0.6390 ns,0.1148 ns,19.516 ns,18.557 ns,19.095 ns,20.207 ns,20.752 ns,"50,997,365.6",2.55,0.10
UEVector2_Bench,DefaultJob,False,Default,Default,Default,Default,Default,Default,1111111111111111,Empty,RyuJit,X64,8c5e7fda-e8bf-4a96-9a85-a6e23a8c635c,.NET 6.0,False,True,False,True,Default,Default,False,False,False,Default,Default,Default,Default,Default,Default,Default,Default,Default,Default,Default,Default,Default,Default,Default,Default,Default,16,Default,10,10.383 ns,0.1131 ns,0.1057 ns,0.0273 ns,10.394 ns,10.226 ns,10.303 ns,10.445 ns,10.609 ns,"96,310,143.0",1.33,0.03
Tuple2_Bench,DefaultJob,False,Default,Default,Default,Default,Default,Default,1111111111111111,Empty,RyuJit,X64,8c5e7fda-e8bf-4a96-9a85-a6e23a8c635c,.NET 6.0,False,True,False,True,Default,Default,False,False,False,Default,Default,Default,Default,Default,Default,Default,Default,Default,Default,Default,Default,Default,Default,Default,Default,Default,16,Default,10,913.813 ns,18.0026 ns,37.5782 ns,5.1618 ns,913.249 ns,859.423 ns,881.433 ns,930.637 ns,"1,004.809 ns","1,094,315.5",117.27,4.46
Tuple2Float_Bench,DefaultJob,False,Default,Default,Default,Default,Default,Default,1111111111111111,Empty,RyuJit,X64,8c5e7fda-e8bf-4a96-9a85-a6e23a8c635c,.NET 6.0,False,True,False,True,Default,Default,False,False,False,Default,Default,Default,Default,Default,Default,Default,Default,Default,Default,Default,Default,Default,Default,Default,Default,Default,16,Default,10,847.635 ns,16.4696 ns,45.3622 ns,4.8356 ns,839.805 ns,785.690 ns,809.946 ns,879.352 ns,976.740 ns,"1,179,753.4",110.64,5.10
ValueTuple2_Bench,DefaultJob,False,Default,Default,Default,Default,Default,Default,1111111111111111,Empty,RyuJit,X64,8c5e7fda-e8bf-4a96-9a85-a6e23a8c635c,.NET 6.0,False,True,False,True,Default,Default,False,False,False,Default,Default,Default,Default,Default,Default,Default,Default,Default,Default,Default,Default,Default,Default,Default,Default,Default,16,Default,10,7.805 ns,0.1443 ns,0.1279 ns,0.0342 ns,7.775 ns,7.639 ns,7.727 ns,7.866 ns,8.077 ns,"128,118,977.3",1.00,0.00
ValueTuple2Float_Bench,DefaultJob,False,Default,Default,Default,Default,Default,Default,1111111111111111,Empty,RyuJit,X64,8c5e7fda-e8bf-4a96-9a85-a6e23a8c635c,.NET 6.0,False,True,False,True,Default,Default,False,False,False,Default,Default,Default,Default,Default,Default,Default,Default,Default,Default,Default,Default,Default,Default,Default,Default,Default,16,Default,10,7.595 ns,0.1840 ns,0.3223 ns,0.0516 ns,7.527 ns,7.137 ns,7.300 ns,7.950 ns,8.067 ns,"131,657,616.0",0.97,0.05
MyVector2_Bench,DefaultJob,False,Default,Default,Default,Default,Default,Default,1111111111111111,Empty,RyuJit,X64,8c5e7fda-e8bf-4a96-9a85-a6e23a8c635c,.NET 6.0,False,True,False,True,Default,Default,False,False,False,Default,Default,Default,Default,Default,Default,Default,Default,Default,Default,Default,Default,Default,Default,Default,Default,Default,16,Default,10,347.157 ns,6.8375 ns,9.5853 ns,1.8447 ns,344.933 ns,334.375 ns,340.022 ns,352.895 ns,371.196 ns,"2,880,537.1",44.58,1.95
MyVector2Float_Bench,DefaultJob,False,Default,Default,Default,Default,Default,Default,1111111111111111,Empty,RyuJit,X64,8c5e7fda-e8bf-4a96-9a85-a6e23a8c635c,.NET 6.0,False,True,False,True,Default,Default,False,False,False,Default,Default,Default,Default,Default,Default,Default,Default,Default,Default,Default,Default,Default,Default,Default,Default,Default,16,Default,10,294.452 ns,5.7021 ns,5.6002 ns,1.4001 ns,294.621 ns,284.425 ns,290.377 ns,297.073 ns,305.501 ns,"3,396,137.3",37.76,0.72
MyStructVector2_Bench,DefaultJob,False,Default,Default,Default,Default,Default,Default,1111111111111111,Empty,RyuJit,X64,8c5e7fda-e8bf-4a96-9a85-a6e23a8c635c,.NET 6.0,False,True,False,True,Default,Default,False,False,False,Default,Default,Default,Default,Default,Default,Default,Default,Default,Default,Default,Default,Default,Default,Default,Default,Default,16,Default,10,9.966 ns,0.2194 ns,0.2348 ns,0.0553 ns,10.045 ns,9.364 ns,9.876 ns,10.125 ns,10.255 ns,"100,339,688.8",1.29,0.04
MyStructVector2Float_Bench,DefaultJob,False,Default,Default,Default,Default,Default,Default,1111111111111111,Empty,RyuJit,X64,8c5e7fda-e8bf-4a96-9a85-a6e23a8c635c,.NET 6.0,False,True,False,True,Default,Default,False,False,False,Default,Default,Default,Default,Default,Default,Default,Default,Default,Default,Default,Default,Default,Default,Default,Default,Default,16,Default,10,9.725 ns,0.1822 ns,0.1704 ns,0.0440 ns,9.689 ns,9.474 ns,9.585 ns,9.845 ns,9.997 ns,"102,824,431.1",1.25,0.03
MyTupleVector2_Bench,DefaultJob,False,Default,Default,Default,Default,Default,Default,1111111111111111,Empty,RyuJit,X64,8c5e7fda-e8bf-4a96-9a85-a6e23a8c635c,.NET 6.0,False,True,False,True,Default,Default,False,False,False,Default,Default,Default,Default,Default,Default,Default,Default,Default,Default,Default,Default,Default,Default,Default,Default,Default,16,Default,10,345.544 ns,3.5088 ns,3.2821 ns,0.8474 ns,346.214 ns,339.217 ns,343.306 ns,347.865 ns,350.448 ns,"2,893,985.7",44.29,0.80
MyTupleVector2Float_Bench,DefaultJob,False,Default,Default,Default,Default,Default,Default,1111111111111111,Empty,RyuJit,X64,8c5e7fda-e8bf-4a96-9a85-a6e23a8c635c,.NET 6.0,False,True,False,True,Default,Default,False,False,False,Default,Default,Default,Default,Default,Default,Default,Default,Default,Default,Default,Default,Default,Default,Default,Default,Default,16,Default,10,290.695 ns,4.4159 ns,3.9146 ns,1.0462 ns,290.550 ns,283.463 ns,288.877 ns,292.549 ns,298.419 ns,"3,440,035.3",37.25,0.89
MyArrayVector2_Bench,DefaultJob,False,Default,Default,Default,Default,Default,Default,1111111111111111,Empty,RyuJit,X64,8c5e7fda-e8bf-4a96-9a85-a6e23a8c635c,.NET 6.0,False,True,False,True,Default,Default,False,False,False,Default,Default,Default,Default,Default,Default,Default,Default,Default,Default,Default,Default,Default,Default,Default,Default,Default,16,Default,10,740.597 ns,12.4641 ns,11.6590 ns,3.0103 ns,743.662 ns,715.606 ns,732.046 ns,748.045 ns,759.494 ns,"1,350,262.4",94.87,1.77
MyArrayVector2Float_Bench,DefaultJob,False,Default,Default,Default,Default,Default,Default,1111111111111111,Empty,RyuJit,X64,8c5e7fda-e8bf-4a96-9a85-a6e23a8c635c,.NET 6.0,False,True,False,True,Default,Default,False,False,False,Default,Default,Default,Default,Default,Default,Default,Default,Default,Default,Default,Default,Default,Default,Default,Default,Default,16,Default,10,762.243 ns,14.4028 ns,24.4571 ns,4.0207 ns,763.271 ns,709.584 ns,744.133 ns,776.958 ns,814.186 ns,"1,311,917.6",97.84,4.43
ExtensionArray2_Bench,DefaultJob,False,Default,Default,Default,Default,Default,Default,1111111111111111,Empty,RyuJit,X64,8c5e7fda-e8bf-4a96-9a85-a6e23a8c635c,.NET 6.0,False,True,False,True,Default,Default,False,False,False,Default,Default,Default,Default,Default,Default,Default,Default,Default,Default,Default,Default,Default,Default,Default,Default,Default,16,Default,10,614.468 ns,12.3054 ns,31.0974 ns,3.5908 ns,612.134 ns,563.647 ns,592.946 ns,633.609 ns,691.174 ns,"1,627,423.0",74.66,2.47
Vector2_NoAssert_Bench,DefaultJob,False,Default,Default,Default,Default,Default,Default,1111111111111111,Empty,RyuJit,X64,8c5e7fda-e8bf-4a96-9a85-a6e23a8c635c,.NET 6.0,False,True,False,True,Default,Default,False,False,False,Default,Default,Default,Default,Default,Default,Default,Default,Default,Default,Default,Default,Default,Default,Default,Default,Default,16,Default,10,2.975 ns,0.0646 ns,0.0573 ns,0.0153 ns,2.989 ns,2.868 ns,2.953 ns,3.004 ns,3.070 ns,"336,168,951.9",0.38,0.01
Vector2_NoCompare_Bench,DefaultJob,False,Default,Default,Default,Default,Default,Default,1111111111111111,Empty,RyuJit,X64,8c5e7fda-e8bf-4a96-9a85-a6e23a8c635c,.NET 6.0,False,True,False,True,Default,Default,False,False,False,Default,Default,Default,Default,Default,Default,Default,Default,Default,Default,Default,Default,Default,Default,Default,Default,Default,16,Default,10,2.676 ns,0.0694 ns,0.0615 ns,0.0164 ns,2.674 ns,2.577 ns,2.632 ns,2.694 ns,2.799 ns,"373,704,255.9",0.34,0.01
Vector2_NoAdd_Bench,DefaultJob,False,Default,Default,Default,Default,Default,Default,1111111111111111,Empty,RyuJit,X64,8c5e7fda-e8bf-4a96-9a85-a6e23a8c635c,.NET 6.0,False,True,False,True,Default,Default,False,False,False,Default,Default,Default,Default,Default,Default,Default,Default,Default,Default,Default,Default,Default,Default,Default,Default,Default,16,Default,10,2.813 ns,0.0789 ns,0.1205 ns,0.0216 ns,2.810 ns,2.641 ns,2.703 ns,2.889 ns,3.143 ns,"355,494,286.7",0.37,0.02
ValueTuple2_Method_Bench,DefaultJob,False,Default,Default,Default,Default,Default,Default,1111111111111111,Empty,RyuJit,X64,8c5e7fda-e8bf-4a96-9a85-a6e23a8c635c,.NET 6.0,False,True,False,True,Default,Default,False,False,False,Default,Default,Default,Default,Default,Default,Default,Default,Default,Default,Default,Default,Default,Default,Default,Default,Default,16,Default,10,8.352 ns,0.1956 ns,0.3626 ns,0.0553 ns,8.260 ns,7.672 ns,8.121 ns,8.658 ns,9.389 ns,"119,737,829.5",1.07,0.06
ValueTuple2_Raw_Bench,DefaultJob,False,Default,Default,Default,Default,Default,Default,1111111111111111,Empty,RyuJit,X64,8c5e7fda-e8bf-4a96-9a85-a6e23a8c635c,.NET 6.0,False,True,False,True,Default,Default,False,False,False,Default,Default,Default,Default,Default,Default,Default,Default,Default,Default,Default,Default,Default,Default,Default,Default,Default,16,Default,10,42.382 ns,0.8807 ns,1.6324 ns,0.2489 ns,42.337 ns,38.917 ns,41.466 ns,43.457 ns,46.208 ns,"23,594,959.5",5.41,0.26
ValueTuple2_NoAssert_Bench,DefaultJob,False,Default,Default,Default,Default,Default,Default,1111111111111111,Empty,RyuJit,X64,8c5e7fda-e8bf-4a96-9a85-a6e23a8c635c,.NET 6.0,False,True,False,True,Default,Default,False,False,False,Default,Default,Default,Default,Default,Default,Default,Default,Default,Default,Default,Default,Default,Default,Default,Default,Default,16,Default,10,2.823 ns,0.0853 ns,0.1559 ns,0.0241 ns,2.824 ns,2.587 ns,2.681 ns,2.971 ns,3.115 ns,"354,244,281.0",0.35,0.02
ValueTuple2_NoCompare_Bench,DefaultJob,False,Default,Default,Default,Default,Default,Default,1111111111111111,Empty,RyuJit,X64,8c5e7fda-e8bf-4a96-9a85-a6e23a8c635c,.NET 6.0,False,True,False,True,Default,Default,False,False,False,Default,Default,Default,Default,Default,Default,Default,Default,Default,Default,Default,Default,Default,Default,Default,Default,Default,16,Default,10,2.796 ns,0.0858 ns,0.1503 ns,0.0241 ns,2.766 ns,2.564 ns,2.674 ns,2.914 ns,3.125 ns,"357,642,861.5",0.37,0.02
ValueTuple2_NoAdd_Bench,DefaultJob,False,Default,Default,Default,Default,Default,Default,1111111111111111,Empty,RyuJit,X64,8c5e7fda-e8bf-4a96-9a85-a6e23a8c635c,.NET 6.0,False,True,False,True,Default,Default,False,False,False,Default,Default,Default,Default,Default,Default,Default,Default,Default,Default,Default,Default,Default,Default,Default,Default,Default,16,Default,10,2.751 ns,0.0845 ns,0.1436 ns,0.0236 ns,2.782 ns,2.502 ns,2.619 ns,2.872 ns,3.001 ns,"363,528,623.2",0.36,0.02
ValueTuple2_Inference_Bench,DefaultJob,False,Default,Default,Default,Default,Default,Default,1111111111111111,Empty,RyuJit,X64,8c5e7fda-e8bf-4a96-9a85-a6e23a8c635c,.NET 6.0,False,True,False,True,Default,Default,False,False,False,Default,Default,Default,Default,Default,Default,Default,Default,Default,Default,Default,Default,Default,Default,Default,Default,Default,16,Default,10,8.339 ns,0.1912 ns,0.2276 ns,0.0497 ns,8.331 ns,7.997 ns,8.180 ns,8.443 ns,8.858 ns,"119,916,691.8",1.07,0.04
MyVector2_Call_Bench,DefaultJob,False,Default,Default,Default,Default,Default,Default,1111111111111111,Empty,RyuJit,X64,8c5e7fda-e8bf-4a96-9a85-a6e23a8c635c,.NET 6.0,False,True,False,True,Default,Default,False,False,False,Default,Default,Default,Default,Default,Default,Default,Default,Default,Default,Default,Default,Default,Default,Default,Default,Default,16,Default,10,349.036 ns,6.9779 ns,11.0676 ns,1.9266 ns,344.625 ns,334.609 ns,340.833 ns,354.631 ns,376.056 ns,"2,865,030.8",45.87,1.74
Vector2_Bench,DefaultJob,False,Default,Default,Default,Default,Default,Default,1111111111111111,Empty,RyuJit,X64,8c5e7fda-e8bf-4a96-9a85-a6e23a8c635c,.NET 6.0,False,True,False,True,Default,Default,False,False,False,Default,Default,Default,Default,Default,Default,Default,Default,Default,Default,Default,Default,Default,Default,Default,Default,Default,16,Default,100,213.288 ns,4.2445 ns,7.9723 ns,1.2019 ns,211.756 ns,201.710 ns,207.223 ns,219.161 ns,231.481 ns,"4,688,506.5",2.29,0.08
UEVector2_Bench,DefaultJob,False,Default,Default,Default,Default,Default,Default,1111111111111111,Empty,RyuJit,X64,8c5e7fda-e8bf-4a96-9a85-a6e23a8c635c,.NET 6.0,False,True,False,True,Default,Default,False,False,False,Default,Default,Default,Default,Default,Default,Default,Default,Default,Default,Default,Default,Default,Default,Default,Default,Default,16,Default,100,112.618 ns,2.2836 ns,2.1361 ns,0.5515 ns,112.574 ns,108.605 ns,111.716 ns,113.950 ns,116.046 ns,"8,879,540.1",1.18,0.04
Tuple2_Bench,DefaultJob,False,Default,Default,Default,Default,Default,Default,1111111111111111,Empty,RyuJit,X64,8c5e7fda-e8bf-4a96-9a85-a6e23a8c635c,.NET 6.0,False,True,False,True,Default,Default,False,False,False,Default,Default,Default,Default,Default,Default,Default,Default,Default,Default,Default,Default,Default,Default,Default,Default,Default,16,Default,100,"8,717.070 ns",172.3997 ns,340.3003 ns,49.1181 ns,"8,591.397 ns","8,097.212 ns","8,446.142 ns","8,991.335 ns","9,425.284 ns","114,717.4",92.31,3.42
Tuple2Float_Bench,DefaultJob,False,Default,Default,Default,Default,Default,Default,1111111111111111,Empty,RyuJit,X64,8c5e7fda-e8bf-4a96-9a85-a6e23a8c635c,.NET 6.0,False,True,False,True,Default,Default,False,False,False,Default,Default,Default,Default,Default,Default,Default,Default,Default,Default,Default,Default,Default,Default,Default,Default,Default,16,Default,100,"10,041.678 ns",198.8190 ns,392.4493 ns,56.6452 ns,"10,090.832 ns","9,270.170 ns","9,790.565 ns","10,313.165 ns","10,998.540 ns","99,585.0",106.97,3.70
ValueTuple2_Bench,DefaultJob,False,Default,Default,Default,Default,Default,Default,1111111111111111,Empty,RyuJit,X64,8c5e7fda-e8bf-4a96-9a85-a6e23a8c635c,.NET 6.0,False,True,False,True,Default,Default,False,False,False,Default,Default,Default,Default,Default,Default,Default,Default,Default,Default,Default,Default,Default,Default,Default,Default,Default,16,Default,100,95.213 ns,1.8724 ns,1.8389 ns,0.4597 ns,94.817 ns,92.769 ns,93.739 ns,96.776 ns,98.534 ns,"10,502,815.0",1.00,0.00
ValueTuple2Float_Bench,DefaultJob,False,Default,Default,Default,Default,Default,Default,1111111111111111,Empty,RyuJit,X64,8c5e7fda-e8bf-4a96-9a85-a6e23a8c635c,.NET 6.0,False,True,False,True,Default,Default,False,False,False,Default,Default,Default,Default,Default,Default,Default,Default,Default,Default,Default,Default,Default,Default,Default,Default,Default,16,Default,100,94.100 ns,1.5393 ns,1.2854 ns,0.3565 ns,94.081 ns,91.886 ns,93.707 ns,94.620 ns,96.388 ns,"10,627,002.7",0.99,0.03
MyVector2_Bench,DefaultJob,False,Default,Default,Default,Default,Default,Default,1111111111111111,Empty,RyuJit,X64,8c5e7fda-e8bf-4a96-9a85-a6e23a8c635c,.NET 6.0,False,True,False,True,Default,Default,False,False,False,Default,Default,Default,Default,Default,Default,Default,Default,Default,Default,Default,Default,Default,Default,Default,Default,Default,16,Default,100,"3,596.025 ns",71.3797 ns,192.9791 ns,20.9315 ns,"3,579.145 ns","3,287.427 ns","3,438.133 ns","3,707.537 ns","4,095.037 ns","278,084.8",38.80,2.52
MyVector2Float_Bench,DefaultJob,False,Default,Default,Default,Default,Default,Default,1111111111111111,Empty,RyuJit,X64,8c5e7fda-e8bf-4a96-9a85-a6e23a8c635c,.NET 6.0,False,True,False,True,Default,Default,False,False,False,Default,Default,Default,Default,Default,Default,Default,Default,Default,Default,Default,Default,Default,Default,Default,Default,Default,16,Default,100,"3,020.948 ns",60.1733 ns,161.6518 ns,17.6377 ns,"2,990.862 ns","2,791.693 ns","2,891.455 ns","3,096.238 ns","3,469.101 ns","331,021.9",32.29,2.26
MyStructVector2_Bench,DefaultJob,False,Default,Default,Default,Default,Default,Default,1111111111111111,Empty,RyuJit,X64,8c5e7fda-e8bf-4a96-9a85-a6e23a8c635c,.NET 6.0,False,True,False,True,Default,Default,False,False,False,Default,Default,Default,Default,Default,Default,Default,Default,Default,Default,Default,Default,Default,Default,Default,Default,Default,16,Default,100,108.820 ns,1.6877 ns,1.5787 ns,0.4076 ns,108.292 ns,107.128 ns,107.757 ns,110.145 ns,112.555 ns,"9,189,498.1",1.14,0.03
MyStructVector2Float_Bench,DefaultJob,False,Default,Default,Default,Default,Default,Default,1111111111111111,Empty,RyuJit,X64,8c5e7fda-e8bf-4a96-9a85-a6e23a8c635c,.NET 6.0,False,True,False,True,Default,Default,False,False,False,Default,Default,Default,Default,Default,Default,Default,Default,Default,Default,Default,Default,Default,Default,Default,Default,Default,16,Default,100,109.928 ns,2.2301 ns,3.7260 ns,0.6210 ns,108.873 ns,105.977 ns,106.905 ns,112.466 ns,119.134 ns,"9,096,865.8",1.19,0.05
MyTupleVector2_Bench,DefaultJob,False,Default,Default,Default,Default,Default,Default,1111111111111111,Empty,RyuJit,X64,8c5e7fda-e8bf-4a96-9a85-a6e23a8c635c,.NET 6.0,False,True,False,True,Default,Default,False,False,False,Default,Default,Default,Default,Default,Default,Default,Default,Default,Default,Default,Default,Default,Default,Default,Default,Default,16,Default,100,"3,496.369 ns",61.8531 ns,57.8574 ns,14.9387 ns,"3,476.583 ns","3,380.923 ns","3,462.592 ns","3,526.319 ns","3,620.927 ns","286,011.0",36.69,0.79
MyTupleVector2Float_Bench,DefaultJob,False,Default,Default,Default,Default,Default,Default,1111111111111111,Empty,RyuJit,X64,8c5e7fda-e8bf-4a96-9a85-a6e23a8c635c,.NET 6.0,False,True,False,True,Default,Default,False,False,False,Default,Default,Default,Default,Default,Default,Default,Default,Default,Default,Default,Default,Default,Default,Default,Default,Default,16,Default,100,"3,040.552 ns",60.7710 ns,157.9520 ns,17.7710 ns,"2,990.442 ns","2,847.631 ns","2,910.152 ns","3,154.308 ns","3,452.571 ns","328,887.7",32.14,1.55
MyArrayVector2_Bench,DefaultJob,False,Default,Default,Default,Default,Default,Default,1111111111111111,Empty,RyuJit,X64,8c5e7fda-e8bf-4a96-9a85-a6e23a8c635c,.NET 6.0,False,True,False,True,Default,Default,False,False,False,Default,Default,Default,Default,Default,Default,Default,Default,Default,Default,Default,Default,Default,Default,Default,Default,Default,16,Default,100,"7,244.801 ns",98.7969 ns,77.1341 ns,22.2667 ns,"7,228.525 ns","7,127.751 ns","7,187.388 ns","7,303.321 ns","7,365.225 ns","138,030.0",75.79,1.63
MyArrayVector2Float_Bench,DefaultJob,False,Default,Default,Default,Default,Default,Default,1111111111111111,Empty,RyuJit,X64,8c5e7fda-e8bf-4a96-9a85-a6e23a8c635c,.NET 6.0,False,True,False,True,Default,Default,False,False,False,Default,Default,Default,Default,Default,Default,Default,Default,Default,Default,Default,Default,Default,Default,Default,Default,Default,16,Default,100,"6,820.136 ns",133.2142 ns,203.4322 ns,36.5375 ns,"6,747.466 ns","6,533.053 ns","6,688.606 ns","6,952.623 ns","7,262.964 ns","146,624.6",72.82,2.83
ExtensionArray2_Bench,DefaultJob,False,Default,Default,Default,Default,Default,Default,1111111111111111,Empty,RyuJit,X64,8c5e7fda-e8bf-4a96-9a85-a6e23a8c635c,.NET 6.0,False,True,False,True,Default,Default,False,False,False,Default,Default,Default,Default,Default,Default,Default,Default,Default,Default,Default,Default,Default,Default,Default,Default,Default,16,Default,100,"5,677.214 ns",52.7046 ns,44.0107 ns,12.2064 ns,"5,695.221 ns","5,579.705 ns","5,667.358 ns","5,710.048 ns","5,722.489 ns","176,142.7",59.48,1.31
Vector2_NoAssert_Bench,DefaultJob,False,Default,Default,Default,Default,Default,Default,1111111111111111,Empty,RyuJit,X64,8c5e7fda-e8bf-4a96-9a85-a6e23a8c635c,.NET 6.0,False,True,False,True,Default,Default,False,False,False,Default,Default,Default,Default,Default,Default,Default,Default,Default,Default,Default,Default,Default,Default,Default,Default,Default,16,Default,100,33.923 ns,0.6960 ns,1.0629 ns,0.1909 ns,33.878 ns,32.213 ns,33.138 ns,34.362 ns,36.052 ns,"29,478,896.1",0.36,0.02
Vector2_NoCompare_Bench,DefaultJob,False,Default,Default,Default,Default,Default,Default,1111111111111111,Empty,RyuJit,X64,8c5e7fda-e8bf-4a96-9a85-a6e23a8c635c,.NET 6.0,False,True,False,True,Default,Default,False,False,False,Default,Default,Default,Default,Default,Default,Default,Default,Default,Default,Default,Default,Default,Default,Default,Default,Default,16,Default,100,32.557 ns,0.5366 ns,0.5019 ns,0.1296 ns,32.611 ns,31.749 ns,32.123 ns,32.891 ns,33.403 ns,"30,715,774.3",0.34,0.01
Vector2_NoAdd_Bench,DefaultJob,False,Default,Default,Default,Default,Default,Default,1111111111111111,Empty,RyuJit,X64,8c5e7fda-e8bf-4a96-9a85-a6e23a8c635c,.NET 6.0,False,True,False,True,Default,Default,False,False,False,Default,Default,Default,Default,Default,Default,Default,Default,Default,Default,Default,Default,Default,Default,Default,Default,Default,16,Default,100,33.236 ns,0.6609 ns,0.6491 ns,0.1623 ns,33.142 ns,32.406 ns,32.830 ns,33.568 ns,34.824 ns,"30,087,840.4",0.35,0.01
ValueTuple2_Method_Bench,DefaultJob,False,Default,Default,Default,Default,Default,Default,1111111111111111,Empty,RyuJit,X64,8c5e7fda-e8bf-4a96-9a85-a6e23a8c635c,.NET 6.0,False,True,False,True,Default,Default,False,False,False,Default,Default,Default,Default,Default,Default,Default,Default,Default,Default,Default,Default,Default,Default,Default,Default,Default,16,Default,100,91.851 ns,0.7477 ns,0.6628 ns,0.1772 ns,91.928 ns,90.801 ns,91.383 ns,92.178 ns,93.200 ns,"10,887,225.2",0.96,0.02
ValueTuple2_Raw_Bench,DefaultJob,False,Default,Default,Default,Default,Default,Default,1111111111111111,Empty,RyuJit,X64,8c5e7fda-e8bf-4a96-9a85-a6e23a8c635c,.NET 6.0,False,True,False,True,Default,Default,False,False,False,Default,Default,Default,Default,Default,Default,Default,Default,Default,Default,Default,Default,Default,Default,Default,Default,Default,16,Default,100,411.117 ns,8.2151 ns,13.9499 ns,2.2933 ns,409.104 ns,387.803 ns,400.558 ns,423.439 ns,438.006 ns,"2,432,400.0",4.27,0.16
ValueTuple2_NoAssert_Bench,DefaultJob,False,Default,Default,Default,Default,Default,Default,1111111111111111,Empty,RyuJit,X64,8c5e7fda-e8bf-4a96-9a85-a6e23a8c635c,.NET 6.0,False,True,False,True,Default,Default,False,False,False,Default,Default,Default,Default,Default,Default,Default,Default,Default,Default,Default,Default,Default,Default,Default,Default,Default,16,Default,100,34.946 ns,0.7141 ns,1.0241 ns,0.1935 ns,35.139 ns,32.920 ns,34.108 ns,35.697 ns,36.657 ns,"28,615,606.1",0.37,0.02
ValueTuple2_NoCompare_Bench,DefaultJob,False,Default,Default,Default,Default,Default,Default,1111111111111111,Empty,RyuJit,X64,8c5e7fda-e8bf-4a96-9a85-a6e23a8c635c,.NET 6.0,False,True,False,True,Default,Default,False,False,False,Default,Default,Default,Default,Default,Default,Default,Default,Default,Default,Default,Default,Default,Default,Default,Default,Default,16,Default,100,34.273 ns,0.7069 ns,1.2194 ns,0.1978 ns,34.132 ns,32.156 ns,33.205 ns,35.213 ns,37.307 ns,"29,177,329.4",0.36,0.02
ValueTuple2_NoAdd_Bench,DefaultJob,False,Default,Default,Default,Default,Default,Default,1111111111111111,Empty,RyuJit,X64,8c5e7fda-e8bf-4a96-9a85-a6e23a8c635c,.NET 6.0,False,True,False,True,Default,Default,False,False,False,Default,Default,Default,Default,Default,Default,Default,Default,Default,Default,Default,Default,Default,Default,Default,Default,Default,16,Default,100,32.734 ns,0.3899 ns,0.3457 ns,0.0924 ns,32.796 ns,32.142 ns,32.464 ns,32.843 ns,33.380 ns,"30,549,648.4",0.34,0.01
ValueTuple2_Inference_Bench,DefaultJob,False,Default,Default,Default,Default,Default,Default,1111111111111111,Empty,RyuJit,X64,8c5e7fda-e8bf-4a96-9a85-a6e23a8c635c,.NET 6.0,False,True,False,True,Default,Default,False,False,False,Default,Default,Default,Default,Default,Default,Default,Default,Default,Default,Default,Default,Default,Default,Default,Default,Default,16,Default,100,100.623 ns,2.0244 ns,2.4099 ns,0.5259 ns,100.397 ns,94.860 ns,99.507 ns,102.330 ns,104.978 ns,"9,938,066.0",1.06,0.04
MyVector2_Call_Bench,DefaultJob,False,Default,Default,Default,Default,Default,Default,1111111111111111,Empty,RyuJit,X64,8c5e7fda-e8bf-4a96-9a85-a6e23a8c635c,.NET 6.0,False,True,False,True,Default,Default,False,False,False,Default,Default,Default,Default,Default,Default,Default,Default,Default,Default,Default,Default,Default,Default,Default,Default,Default,16,Default,100,"3,527.995 ns",65.4019 ns,112.8150 ns,18.3010 ns,"3,489.450 ns","3,364.605 ns","3,443.607 ns","3,583.356 ns","3,831.066 ns","283,447.1",37.72,1.53
Vector2_Bench,DefaultJob,False,Default,Default,Default,Default,Default,Default,1111111111111111,Empty,RyuJit,X64,8c5e7fda-e8bf-4a96-9a85-a6e23a8c635c,.NET 6.0,False,True,False,True,Default,Default,False,False,False,Default,Default,Default,Default,Default,Default,Default,Default,Default,Default,Default,Default,Default,Default,Default,Default,Default,16,Default,1000,"2,113.719 ns",42.1410 ns,88.8897 ns,12.0964 ns,"2,089.941 ns","1,960.980 ns","2,039.891 ns","2,179.001 ns","2,327.010 ns","473,099.8",2.31,0.06
UEVector2_Bench,DefaultJob,False,Default,Default,Default,Default,Default,Default,1111111111111111,Empty,RyuJit,X64,8c5e7fda-e8bf-4a96-9a85-a6e23a8c635c,.NET 6.0,False,True,False,True,Default,Default,False,False,False,Default,Default,Default,Default,Default,Default,Default,Default,Default,Default,Default,Default,Default,Default,Default,Default,Default,16,Default,1000,"1,003.532 ns",13.3181 ns,11.8061 ns,3.1553 ns,"1,002.168 ns",988.837 ns,993.118 ns,"1,010.956 ns","1,030.140 ns","996,480.2",1.13,0.01
Tuple2_Bench,DefaultJob,False,Default,Default,Default,Default,Default,Default,1111111111111111,Empty,RyuJit,X64,8c5e7fda-e8bf-4a96-9a85-a6e23a8c635c,.NET 6.0,False,True,False,True,Default,Default,False,False,False,Default,Default,Default,Default,Default,Default,Default,Default,Default,Default,Default,Default,Default,Default,Default,Default,Default,16,Default,1000,"85,087.928 ns","1,017.2286 ns",901.7467 ns,241.0019 ns,"85,263.837 ns","82,951.038 ns","84,814.728 ns","85,569.522 ns","86,499.036 ns","11,752.5",96.02,1.11
Tuple2Float_Bench,DefaultJob,False,Default,Default,Default,Default,Default,Default,1111111111111111,Empty,RyuJit,X64,8c5e7fda-e8bf-4a96-9a85-a6e23a8c635c,.NET 6.0,False,True,False,True,Default,Default,False,False,False,Default,Default,Default,Default,Default,Default,Default,Default,Default,Default,Default,Default,Default,Default,Default,Default,Default,16,Default,1000,"88,450.605 ns","1,259.2029 ns","1,116.2506 ns",298.3305 ns,"88,595.831 ns","86,410.376 ns","87,973.447 ns","88,908.392 ns","90,338.477 ns","11,305.7",99.82,1.81
ValueTuple2_Bench,DefaultJob,False,Default,Default,Default,Default,Default,Default,1111111111111111,Empty,RyuJit,X64,8c5e7fda-e8bf-4a96-9a85-a6e23a8c635c,.NET 6.0,False,True,False,True,Default,Default,False,False,False,Default,Default,Default,Default,Default,Default,Default,Default,Default,Default,Default,Default,Default,Default,Default,Default,Default,16,Default,1000,886.186 ns,8.7306 ns,7.7395 ns,2.0685 ns,886.228 ns,874.111 ns,881.768 ns,889.350 ns,901.619 ns,"1,128,431.0",1.00,0.00
ValueTuple2Float_Bench,DefaultJob,False,Default,Default,Default,Default,Default,Default,1111111111111111,Empty,RyuJit,X64,8c5e7fda-e8bf-4a96-9a85-a6e23a8c635c,.NET 6.0,False,True,False,True,Default,Default,False,False,False,Default,Default,Default,Default,Default,Default,Default,Default,Default,Default,Default,Default,Default,Default,Default,Default,Default,16,Default,1000,954.178 ns,19.0384 ns,48.1125 ns,5.5556 ns,957.634 ns,886.449 ns,909.732 ns,981.742 ns,"1,087.253 ns","1,048,022.2",1.05,0.05
MyVector2_Bench,DefaultJob,False,Default,Default,Default,Default,Default,Default,1111111111111111,Empty,RyuJit,X64,8c5e7fda-e8bf-4a96-9a85-a6e23a8c635c,.NET 6.0,False,True,False,True,Default,Default,False,False,False,Default,Default,Default,Default,Default,Default,Default,Default,Default,Default,Default,Default,Default,Default,Default,Default,Default,16,Default,1000,"36,280.563 ns",724.5258 ns,"1,971.1259 ns",212.5520 ns,"36,267.163 ns","33,224.457 ns","34,556.317 ns","37,442.186 ns","41,678.326 ns","27,563.0",42.47,2.43
MyVector2Float_Bench,DefaultJob,False,Default,Default,Default,Default,Default,Default,1111111111111111,Empty,RyuJit,X64,8c5e7fda-e8bf-4a96-9a85-a6e23a8c635c,.NET 6.0,False,True,False,True,Default,Default,False,False,False,Default,Default,Default,Default,Default,Default,Default,Default,Default,Default,Default,Default,Default,Default,Default,Default,Default,16,Default,1000,"28,992.614 ns",514.2404 ns,990.7667 ns,146.0806 ns,"28,647.079 ns","27,803.888 ns","28,291.444 ns","29,580.103 ns","31,545.667 ns","34,491.5",33.06,1.47
MyStructVector2_Bench,DefaultJob,False,Default,Default,Default,Default,Default,Default,1111111111111111,Empty,RyuJit,X64,8c5e7fda-e8bf-4a96-9a85-a6e23a8c635c,.NET 6.0,False,True,False,True,Default,Default,False,False,False,Default,Default,Default,Default,Default,Default,Default,Default,Default,Default,Default,Default,Default,Default,Default,Default,Default,16,Default,1000,"1,066.788 ns",21.3266 ns,44.0432 ns,6.1077 ns,"1,054.934 ns","1,003.549 ns","1,037.323 ns","1,104.547 ns","1,196.439 ns","937,393.4",1.19,0.05
MyStructVector2Float_Bench,DefaultJob,False,Default,Default,Default,Default,Default,Default,1111111111111111,Empty,RyuJit,X64,8c5e7fda-e8bf-4a96-9a85-a6e23a8c635c,.NET 6.0,False,True,False,True,Default,Default,False,False,False,Default,Default,Default,Default,Default,Default,Default,Default,Default,Default,Default,Default,Default,Default,Default,Default,Default,16,Default,1000,"1,025.534 ns",14.0372 ns,12.4437 ns,3.3257 ns,"1,028.771 ns","1,005.528 ns","1,014.954 ns","1,035.456 ns","1,042.940 ns","975,102.0",1.16,0.02
MyTupleVector2_Bench,DefaultJob,False,Default,Default,Default,Default,Default,Default,1111111111111111,Empty,RyuJit,X64,8c5e7fda-e8bf-4a96-9a85-a6e23a8c635c,.NET 6.0,False,True,False,True,Default,Default,False,False,False,Default,Default,Default,Default,Default,Default,Default,Default,Default,Default,Default,Default,Default,Default,Default,Default,Default,16,Default,1000,"36,448.011 ns",727.2443 ns,"1,953.6946 ns",213.1656 ns,"36,200.757 ns","33,578.967 ns","34,829.614 ns","37,909.293 ns","41,397.180 ns","27,436.3",44.08,1.56
MyTupleVector2Float_Bench,DefaultJob,False,Default,Default,Default,Default,Default,Default,1111111111111111,Empty,RyuJit,X64,8c5e7fda-e8bf-4a96-9a85-a6e23a8c635c,.NET 6.0,False,True,False,True,Default,Default,False,False,False,Default,Default,Default,Default,Default,Default,Default,Default,Default,Default,Default,Default,Default,Default,Default,Default,Default,16,Default,1000,"32,244.216 ns",628.1615 ns,"1,032.0874 ns",174.4546 ns,"31,908.002 ns","30,821.136 ns","31,475.732 ns","32,935.318 ns","34,856.085 ns","31,013.3",37.14,1.32
MyArrayVector2_Bench,DefaultJob,False,Default,Default,Default,Default,Default,Default,1111111111111111,Empty,RyuJit,X64,8c5e7fda-e8bf-4a96-9a85-a6e23a8c635c,.NET 6.0,False,True,False,True,Default,Default,False,False,False,Default,Default,Default,Default,Default,Default,Default,Default,Default,Default,Default,Default,Default,Default,Default,Default,Default,16,Default,1000,"77,639.951 ns","1,533.0540 ns","3,460.3584 ns",443.0535 ns,"77,928.577 ns","71,922.327 ns","74,951.489 ns","79,868.506 ns","85,618.701 ns","12,880.0",89.15,4.10
MyArrayVector2Float_Bench,DefaultJob,False,Default,Default,Default,Default,Default,Default,1111111111111111,Empty,RyuJit,X64,8c5e7fda-e8bf-4a96-9a85-a6e23a8c635c,.NET 6.0,False,True,False,True,Default,Default,False,False,False,Default,Default,Default,Default,Default,Default,Default,Default,Default,Default,Default,Default,Default,Default,Default,Default,Default,16,Default,1000,"69,631.168 ns","1,390.5906 ns","3,899.3651 ns",408.7645 ns,"68,529.224 ns","64,073.364 ns","66,293.121 ns","72,416.412 ns","79,479.541 ns","14,361.4",82.81,4.33
ExtensionArray2_Bench,DefaultJob,False,Default,Default,Default,Default,Default,Default,1111111111111111,Empty,RyuJit,X64,8c5e7fda-e8bf-4a96-9a85-a6e23a8c635c,.NET 6.0,False,True,False,True,Default,Default,False,False,False,Default,Default,Default,Default,Default,Default,Default,Default,Default,Default,Default,Default,Default,Default,Default,Default,Default,16,Default,1000,"56,226.171 ns","1,042.0320 ns","1,982.5742 ns",295.5447 ns,"55,392.450 ns","54,552.667 ns","54,969.806 ns","56,060.730 ns","61,515.289 ns","17,785.3",65.75,2.98
Vector2_NoAssert_Bench,DefaultJob,False,Default,Default,Default,Default,Default,Default,1111111111111111,Empty,RyuJit,X64,8c5e7fda-e8bf-4a96-9a85-a6e23a8c635c,.NET 6.0,False,True,False,True,Default,Default,False,False,False,Default,Default,Default,Default,Default,Default,Default,Default,Default,Default,Default,Default,Default,Default,Default,Default,Default,16,Default,1000,263.896 ns,5.2761 ns,6.8605 ns,1.4004 ns,263.397 ns,254.660 ns,258.899 ns,267.559 ns,279.551 ns,"3,789,367.1",0.30,0.01
Vector2_NoCompare_Bench,DefaultJob,False,Default,Default,Default,Default,Default,Default,1111111111111111,Empty,RyuJit,X64,8c5e7fda-e8bf-4a96-9a85-a6e23a8c635c,.NET 6.0,False,True,False,True,Default,Default,False,False,False,Default,Default,Default,Default,Default,Default,Default,Default,Default,Default,Default,Default,Default,Default,Default,Default,Default,16,Default,1000,264.447 ns,5.2299 ns,4.8920 ns,1.2631 ns,263.453 ns,256.892 ns,260.897 ns,268.358 ns,274.715 ns,"3,781,477.9",0.30,0.01
Vector2_NoAdd_Bench,DefaultJob,False,Default,Default,Default,Default,Default,Default,1111111111111111,Empty,RyuJit,X64,8c5e7fda-e8bf-4a96-9a85-a6e23a8c635c,.NET 6.0,False,True,False,True,Default,Default,False,False,False,Default,Default,Default,Default,Default,Default,Default,Default,Default,Default,Default,Default,Default,Default,Default,Default,Default,16,Default,1000,272.309 ns,5.4675 ns,9.5759 ns,1.5334 ns,271.211 ns,256.085 ns,265.028 ns,278.838 ns,292.662 ns,"3,672,302.8",0.31,0.01
ValueTuple2_Method_Bench,DefaultJob,False,Default,Default,Default,Default,Default,Default,1111111111111111,Empty,RyuJit,X64,8c5e7fda-e8bf-4a96-9a85-a6e23a8c635c,.NET 6.0,False,True,False,True,Default,Default,False,False,False,Default,Default,Default,Default,Default,Default,Default,Default,Default,Default,Default,Default,Default,Default,Default,Default,Default,16,Default,1000,947.192 ns,18.9022 ns,29.9808 ns,5.2190 ns,955.855 ns,892.198 ns,925.141 ns,969.792 ns,"1,008.723 ns","1,055,752.4",1.08,0.04
ValueTuple2_Raw_Bench,DefaultJob,False,Default,Default,Default,Default,Default,Default,1111111111111111,Empty,RyuJit,X64,8c5e7fda-e8bf-4a96-9a85-a6e23a8c635c,.NET 6.0,False,True,False,True,Default,Default,False,False,False,Default,Default,Default,Default,Default,Default,Default,Default,Default,Default,Default,Default,Default,Default,Default,Default,Default,16,Default,1000,"3,978.322 ns",77.8930 ns,146.3019 ns,22.0558 ns,"3,937.172 ns","3,792.564 ns","3,868.203 ns","4,064.611 ns","4,308.996 ns","251,362.3",4.63,0.14
ValueTuple2_NoAssert_Bench,DefaultJob,False,Default,Default,Default,Default,Default,Default,1111111111111111,Empty,RyuJit,X64,8c5e7fda-e8bf-4a96-9a85-a6e23a8c635c,.NET 6.0,False,True,False,True,Default,Default,False,False,False,Default,Default,Default,Default,Default,Default,Default,Default,Default,Default,Default,Default,Default,Default,Default,Default,Default,16,Default,1000,268.804 ns,5.3481 ns,8.6362 ns,1.4811 ns,268.579 ns,256.678 ns,261.767 ns,274.708 ns,286.396 ns,"3,720,185.1",0.31,0.01
ValueTuple2_NoCompare_Bench,DefaultJob,False,Default,Default,Default,Default,Default,Default,1111111111111111,Empty,RyuJit,X64,8c5e7fda-e8bf-4a96-9a85-a6e23a8c635c,.NET 6.0,False,True,False,True,Default,Default,False,False,False,Default,Default,Default,Default,Default,Default,Default,Default,Default,Default,Default,Default,Default,Default,Default,Default,Default,16,Default,1000,271.838 ns,5.3010 ns,7.6026 ns,1.4368 ns,269.713 ns,258.986 ns,266.221 ns,278.166 ns,287.940 ns,"3,678,664.6",0.31,0.01
ValueTuple2_NoAdd_Bench,DefaultJob,False,Default,Default,Default,Default,Default,Default,1111111111111111,Empty,RyuJit,X64,8c5e7fda-e8bf-4a96-9a85-a6e23a8c635c,.NET 6.0,False,True,False,True,Default,Default,False,False,False,Default,Default,Default,Default,Default,Default,Default,Default,Default,Default,Default,Default,Default,Default,Default,Default,Default,16,Default,1000,263.975 ns,3.1492 ns,2.7917 ns,0.7461 ns,263.945 ns,259.809 ns,261.788 ns,265.922 ns,269.478 ns,"3,788,232.3",0.30,0.00
ValueTuple2_Inference_Bench,DefaultJob,False,Default,Default,Default,Default,Default,Default,1111111111111111,Empty,RyuJit,X64,8c5e7fda-e8bf-4a96-9a85-a6e23a8c635c,.NET 6.0,False,True,False,True,Default,Default,False,False,False,Default,Default,Default,Default,Default,Default,Default,Default,Default,Default,Default,Default,Default,Default,Default,Default,Default,16,Default,1000,936.819 ns,18.7024 ns,35.5832 ns,5.3044 ns,932.998 ns,881.795 ns,904.918 ns,970.165 ns,"1,028.410 ns","1,067,442.3",1.06,0.03
MyVector2_Call_Bench,DefaultJob,False,Default,Default,Default,Default,Default,Default,1111111111111111,Empty,RyuJit,X64,8c5e7fda-e8bf-4a96-9a85-a6e23a8c635c,.NET 6.0,False,True,False,True,Default,Default,False,False,False,Default,Default,Default,Default,Default,Default,Default,Default,Default,Default,Default,Default,Default,Default,Default,Default,Default,16,Default,1000,"34,167.608 ns",598.5816 ns,559.9136 ns,144.5691 ns,"34,046.295 ns","33,313.647 ns","33,818.326 ns","34,493.146 ns","35,379.376 ns","29,267.5",38.60,0.70
