Method,Job,AnalyzeLaunchVariance,EvaluateOverhead,MaxAbsoluteError,MaxRelativeError,MinInvokeCount,MinIterationTime,OutlierMode,Affinity,EnvironmentVariables,Jit,Platform,PowerPlanMode,Runtime,AllowVeryLargeObjects,Concurrent,CpuGroups,Force,HeapAffinitizeMask,HeapCount,NoAffinitize,RetainVm,Server,Arguments,BuildConfiguration,Clock,EngineFactory,NuGetReferences,Toolchain,IsMutator,InvocationCount,IterationCount,IterationTime,LaunchCount,MaxIterationCount,MaxWarmupIterationCount,MemoryRandomization,MinIterationCount,MinWarmupIterationCount,RunStrategy,UnrollFactor,WarmupCount,I,Mean,Error,StdDev,StdErr,Median,Min,Q1,Q3,Max,Op/s
Vector2,DefaultJob,False,Default,Default,Default,Default,Default,Default,1111111111111111,Empty,RyuJit,X64,8c5e7fda-e8bf-4a96-9a85-a6e23a8c635c,.NET 6.0,False,True,False,True,Default,Default,False,False,False,Default,Default,Default,Default,Default,Default,Default,Default,Default,Default,Default,Default,Default,Default,Default,Default,Default,16,Default,0,1.1207 ns,0.0244 ns,0.0228 ns,0.0059 ns,1.1170 ns,1.0909 ns,1.1034 ns,1.1382 ns,1.1652 ns,"892,285,581.2"
Void,DefaultJob,False,Default,Default,Default,Default,Default,Default,1111111111111111,Empty,RyuJit,X64,8c5e7fda-e8bf-4a96-9a85-a6e23a8c635c,.NET 6.0,False,True,False,True,Default,Default,False,False,False,Default,Default,Default,Default,Default,Default,Default,Default,Default,Default,Default,Default,Default,Default,Default,Default,Default,16,Default,0,0.2699 ns,0.0084 ns,0.0079 ns,0.0020 ns,0.2696 ns,0.2574 ns,0.2662 ns,0.2744 ns,0.2830 ns,"3,704,715,265.2"
VoidVoid,DefaultJob,False,Default,Default,Default,Default,Default,Default,1111111111111111,Empty,RyuJit,X64,8c5e7fda-e8bf-4a96-9a85-a6e23a8c635c,.NET 6.0,False,True,False,True,Default,Default,False,False,False,Default,Default,Default,Default,Default,Default,Default,Default,Default,Default,Default,Default,Default,Default,Default,Default,Default,16,Default,0,0.0011 ns,0.0040 ns,0.0033 ns,0.0009 ns,0.0000 ns,0.0000 ns,0.0000 ns,0.0000 ns,0.0119 ns,"931,371,017,401.5"
Vector2_Noreturen,DefaultJob,False,Default,Default,Default,Default,Default,Default,1111111111111111,Empty,RyuJit,X64,8c5e7fda-e8bf-4a96-9a85-a6e23a8c635c,.NET 6.0,False,True,False,True,Default,Default,False,False,False,Default,Default,Default,Default,Default,Default,Default,Default,Default,Default,Default,Default,Default,Default,Default,Default,Default,16,Default,0,0.0058 ns,0.0100 ns,0.0093 ns,0.0024 ns,0.0011 ns,0.0000 ns,0.0000 ns,0.0093 ns,0.0305 ns,"171,133,143,635.5"
Vector2_NoCompare,DefaultJob,False,Default,Default,Default,Default,Default,Default,1111111111111111,Empty,RyuJit,X64,8c5e7fda-e8bf-4a96-9a85-a6e23a8c635c,.NET 6.0,False,True,False,True,Default,Default,False,False,False,Default,Default,Default,Default,Default,Default,Default,Default,Default,Default,Default,Default,Default,Default,Default,Default,Default,16,Default,0,0.7346 ns,0.0355 ns,0.0332 ns,0.0086 ns,0.7351 ns,0.6718 ns,0.7218 ns,0.7641 ns,0.7728 ns,"1,361,237,831.2"
Vector2_NoAdd,DefaultJob,False,Default,Default,Default,Default,Default,Default,1111111111111111,Empty,RyuJit,X64,8c5e7fda-e8bf-4a96-9a85-a6e23a8c635c,.NET 6.0,False,True,False,True,Default,Default,False,False,False,Default,Default,Default,Default,Default,Default,Default,Default,Default,Default,Default,Default,Default,Default,Default,Default,Default,16,Default,0,0.6729 ns,0.0316 ns,0.0295 ns,0.0076 ns,0.6674 ns,0.6138 ns,0.6583 ns,0.6946 ns,0.7249 ns,"1,486,162,608.6"
Vector2,DefaultJob,False,Default,Default,Default,Default,Default,Default,1111111111111111,Empty,RyuJit,X64,8c5e7fda-e8bf-4a96-9a85-a6e23a8c635c,.NET 6.0,False,True,False,True,Default,Default,False,False,False,Default,Default,Default,Default,Default,Default,Default,Default,Default,Default,Default,Default,Default,Default,Default,Default,Default,16,Default,1,1.0643 ns,0.0236 ns,0.0210 ns,0.0056 ns,1.0666 ns,1.0229 ns,1.0584 ns,1.0745 ns,1.0992 ns,"939,561,373.1"
Void,DefaultJob,False,Default,Default,Default,Default,Default,Default,1111111111111111,Empty,RyuJit,X64,8c5e7fda-e8bf-4a96-9a85-a6e23a8c635c,.NET 6.0,False,True,False,True,Default,Default,False,False,False,Default,Default,Default,Default,Default,Default,Default,Default,Default,Default,Default,Default,Default,Default,Default,Default,Default,16,Default,1,0.1823 ns,0.0355 ns,0.0509 ns,0.0096 ns,0.1591 ns,0.1371 ns,0.1520 ns,0.1839 ns,0.3187 ns,"5,486,151,758.5"
VoidVoid,DefaultJob,False,Default,Default,Default,Default,Default,Default,1111111111111111,Empty,RyuJit,X64,8c5e7fda-e8bf-4a96-9a85-a6e23a8c635c,.NET 6.0,False,True,False,True,Default,Default,False,False,False,Default,Default,Default,Default,Default,Default,Default,Default,Default,Default,Default,Default,Default,Default,Default,Default,Default,16,Default,1,0.0000 ns,0.0000 ns,0.0000 ns,0.0000 ns,0.0000 ns,0.0000 ns,0.0000 ns,0.0000 ns,0.0000 ns,Infinity
Vector2_Noreturen,DefaultJob,False,Default,Default,Default,Default,Default,Default,1111111111111111,Empty,RyuJit,X64,8c5e7fda-e8bf-4a96-9a85-a6e23a8c635c,.NET 6.0,False,True,False,True,Default,Default,False,False,False,Default,Default,Default,Default,Default,Default,Default,Default,Default,Default,Default,Default,Default,Default,Default,Default,Default,16,Default,1,0.0000 ns,0.0000 ns,0.0000 ns,0.0000 ns,0.0000 ns,0.0000 ns,0.0000 ns,0.0000 ns,0.0000 ns,Infinity
Vector2_NoCompare,DefaultJob,False,Default,Default,Default,Default,Default,Default,1111111111111111,Empty,RyuJit,X64,8c5e7fda-e8bf-4a96-9a85-a6e23a8c635c,.NET 6.0,False,True,False,True,Default,Default,False,False,False,Default,Default,Default,Default,Default,Default,Default,Default,Default,Default,Default,Default,Default,Default,Default,Default,Default,16,Default,1,0.7195 ns,0.0221 ns,0.0207 ns,0.0053 ns,0.7274 ns,0.6831 ns,0.7035 ns,0.7334 ns,0.7487 ns,"1,389,899,910.4"
Vector2_NoAdd,DefaultJob,False,Default,Default,Default,Default,Default,Default,1111111111111111,Empty,RyuJit,X64,8c5e7fda-e8bf-4a96-9a85-a6e23a8c635c,.NET 6.0,False,True,False,True,Default,Default,False,False,False,Default,Default,Default,Default,Default,Default,Default,Default,Default,Default,Default,Default,Default,Default,Default,Default,Default,16,Default,1,0.7539 ns,0.0204 ns,0.0191 ns,0.0049 ns,0.7591 ns,0.7148 ns,0.7425 ns,0.7666 ns,0.7769 ns,"1,326,399,623.8"
Vector2,DefaultJob,False,Default,Default,Default,Default,Default,Default,1111111111111111,Empty,RyuJit,X64,8c5e7fda-e8bf-4a96-9a85-a6e23a8c635c,.NET 6.0,False,True,False,True,Default,Default,False,False,False,Default,Default,Default,Default,Default,Default,Default,Default,Default,Default,Default,Default,Default,Default,Default,Default,Default,16,Default,2,1.0825 ns,0.0138 ns,0.0116 ns,0.0032 ns,1.0857 ns,1.0607 ns,1.0737 ns,1.0895 ns,1.1002 ns,"923,811,019.2"
Void,DefaultJob,False,Default,Default,Default,Default,Default,Default,1111111111111111,Empty,RyuJit,X64,8c5e7fda-e8bf-4a96-9a85-a6e23a8c635c,.NET 6.0,False,True,False,True,Default,Default,False,False,False,Default,Default,Default,Default,Default,Default,Default,Default,Default,Default,Default,Default,Default,Default,Default,Default,Default,16,Default,2,0.2912 ns,0.0077 ns,0.0072 ns,0.0019 ns,0.2911 ns,0.2783 ns,0.2872 ns,0.2945 ns,0.3046 ns,"3,434,034,074.6"
VoidVoid,DefaultJob,False,Default,Default,Default,Default,Default,Default,1111111111111111,Empty,RyuJit,X64,8c5e7fda-e8bf-4a96-9a85-a6e23a8c635c,.NET 6.0,False,True,False,True,Default,Default,False,False,False,Default,Default,Default,Default,Default,Default,Default,Default,Default,Default,Default,Default,Default,Default,Default,Default,Default,16,Default,2,0.0015 ns,0.0055 ns,0.0049 ns,0.0013 ns,0.0000 ns,0.0000 ns,0.0000 ns,0.0002 ns,0.0184 ns,"668,926,573,752.7"
Vector2_Noreturen,DefaultJob,False,Default,Default,Default,Default,Default,Default,1111111111111111,Empty,RyuJit,X64,8c5e7fda-e8bf-4a96-9a85-a6e23a8c635c,.NET 6.0,False,True,False,True,Default,Default,False,False,False,Default,Default,Default,Default,Default,Default,Default,Default,Default,Default,Default,Default,Default,Default,Default,Default,Default,16,Default,2,0.0088 ns,0.0089 ns,0.0083 ns,0.0021 ns,0.0075 ns,0.0000 ns,0.0000 ns,0.0125 ns,0.0265 ns,"114,106,625,443.3"
Vector2_NoCompare,DefaultJob,False,Default,Default,Default,Default,Default,Default,1111111111111111,Empty,RyuJit,X64,8c5e7fda-e8bf-4a96-9a85-a6e23a8c635c,.NET 6.0,False,True,False,True,Default,Default,False,False,False,Default,Default,Default,Default,Default,Default,Default,Default,Default,Default,Default,Default,Default,Default,Default,Default,Default,16,Default,2,0.6722 ns,0.0257 ns,0.0241 ns,0.0062 ns,0.6747 ns,0.6317 ns,0.6600 ns,0.6850 ns,0.7210 ns,"1,487,630,116.3"
Vector2_NoAdd,DefaultJob,False,Default,Default,Default,Default,Default,Default,1111111111111111,Empty,RyuJit,X64,8c5e7fda-e8bf-4a96-9a85-a6e23a8c635c,.NET 6.0,False,True,False,True,Default,Default,False,False,False,Default,Default,Default,Default,Default,Default,Default,Default,Default,Default,Default,Default,Default,Default,Default,Default,Default,16,Default,2,0.6757 ns,0.0384 ns,0.0359 ns,0.0093 ns,0.6808 ns,0.6213 ns,0.6412 ns,0.6955 ns,0.7406 ns,"1,479,990,927.2"
Vector2,DefaultJob,False,Default,Default,Default,Default,Default,Default,1111111111111111,Empty,RyuJit,X64,8c5e7fda-e8bf-4a96-9a85-a6e23a8c635c,.NET 6.0,False,True,False,True,Default,Default,False,False,False,Default,Default,Default,Default,Default,Default,Default,Default,Default,Default,Default,Default,Default,Default,Default,Default,Default,16,Default,12,1.0443 ns,0.0436 ns,0.0408 ns,0.0105 ns,1.0361 ns,0.9789 ns,1.0240 ns,1.0669 ns,1.1265 ns,"957,533,992.2"
Void,DefaultJob,False,Default,Default,Default,Default,Default,Default,1111111111111111,Empty,RyuJit,X64,8c5e7fda-e8bf-4a96-9a85-a6e23a8c635c,.NET 6.0,False,True,False,True,Default,Default,False,False,False,Default,Default,Default,Default,Default,Default,Default,Default,Default,Default,Default,Default,Default,Default,Default,Default,Default,16,Default,12,0.2764 ns,0.0146 ns,0.0122 ns,0.0034 ns,0.2730 ns,0.2629 ns,0.2689 ns,0.2824 ns,0.3037 ns,"3,617,480,064.2"
VoidVoid,DefaultJob,False,Default,Default,Default,Default,Default,Default,1111111111111111,Empty,RyuJit,X64,8c5e7fda-e8bf-4a96-9a85-a6e23a8c635c,.NET 6.0,False,True,False,True,Default,Default,False,False,False,Default,Default,Default,Default,Default,Default,Default,Default,Default,Default,Default,Default,Default,Default,Default,Default,Default,16,Default,12,0.0000 ns,0.0000 ns,0.0000 ns,0.0000 ns,0.0000 ns,0.0000 ns,0.0000 ns,0.0000 ns,0.0000 ns,Infinity
Vector2_Noreturen,DefaultJob,False,Default,Default,Default,Default,Default,Default,1111111111111111,Empty,RyuJit,X64,8c5e7fda-e8bf-4a96-9a85-a6e23a8c635c,.NET 6.0,False,True,False,True,Default,Default,False,False,False,Default,Default,Default,Default,Default,Default,Default,Default,Default,Default,Default,Default,Default,Default,Default,Default,Default,16,Default,12,0.0000 ns,0.0000 ns,0.0000 ns,0.0000 ns,0.0000 ns,0.0000 ns,0.0000 ns,0.0000 ns,0.0000 ns,Infinity
Vector2_NoCompare,DefaultJob,False,Default,Default,Default,Default,Default,Default,1111111111111111,Empty,RyuJit,X64,8c5e7fda-e8bf-4a96-9a85-a6e23a8c635c,.NET 6.0,False,True,False,True,Default,Default,False,False,False,Default,Default,Default,Default,Default,Default,Default,Default,Default,Default,Default,Default,Default,Default,Default,Default,Default,16,Default,12,0.6803 ns,0.0275 ns,0.0257 ns,0.0066 ns,0.6856 ns,0.6372 ns,0.6591 ns,0.6931 ns,0.7242 ns,"1,469,868,049.1"
Vector2_NoAdd,DefaultJob,False,Default,Default,Default,Default,Default,Default,1111111111111111,Empty,RyuJit,X64,8c5e7fda-e8bf-4a96-9a85-a6e23a8c635c,.NET 6.0,False,True,False,True,Default,Default,False,False,False,Default,Default,Default,Default,Default,Default,Default,Default,Default,Default,Default,Default,Default,Default,Default,Default,Default,16,Default,12,0.6674 ns,0.0237 ns,0.0210 ns,0.0056 ns,0.6736 ns,0.6203 ns,0.6581 ns,0.6811 ns,0.6966 ns,"1,498,427,044.4"
Vector2,DefaultJob,False,Default,Default,Default,Default,Default,Default,1111111111111111,Empty,RyuJit,X64,8c5e7fda-e8bf-4a96-9a85-a6e23a8c635c,.NET 6.0,False,True,False,True,Default,Default,False,False,False,Default,Default,Default,Default,Default,Default,Default,Default,Default,Default,Default,Default,Default,Default,Default,Default,Default,16,Default,123,1.0617 ns,0.0356 ns,0.0333 ns,0.0086 ns,1.0713 ns,0.9957 ns,1.0346 ns,1.0856 ns,1.1232 ns,"941,849,336.8"
Void,DefaultJob,False,Default,Default,Default,Default,Default,Default,1111111111111111,Empty,RyuJit,X64,8c5e7fda-e8bf-4a96-9a85-a6e23a8c635c,.NET 6.0,False,True,False,True,Default,Default,False,False,False,Default,Default,Default,Default,Default,Default,Default,Default,Default,Default,Default,Default,Default,Default,Default,Default,Default,16,Default,123,0.2560 ns,0.0074 ns,0.0066 ns,0.0018 ns,0.2569 ns,0.2463 ns,0.2503 ns,0.2595 ns,0.2685 ns,"3,905,848,987.7"
VoidVoid,DefaultJob,False,Default,Default,Default,Default,Default,Default,1111111111111111,Empty,RyuJit,X64,8c5e7fda-e8bf-4a96-9a85-a6e23a8c635c,.NET 6.0,False,True,False,True,Default,Default,False,False,False,Default,Default,Default,Default,Default,Default,Default,Default,Default,Default,Default,Default,Default,Default,Default,Default,Default,16,Default,123,0.0035 ns,0.0080 ns,0.0086 ns,0.0020 ns,0.0000 ns,0.0000 ns,0.0000 ns,0.0000 ns,0.0272 ns,"287,706,175,469.7"
Vector2_Noreturen,DefaultJob,False,Default,Default,Default,Default,Default,Default,1111111111111111,Empty,RyuJit,X64,8c5e7fda-e8bf-4a96-9a85-a6e23a8c635c,.NET 6.0,False,True,False,True,Default,Default,False,False,False,Default,Default,Default,Default,Default,Default,Default,Default,Default,Default,Default,Default,Default,Default,Default,Default,Default,16,Default,123,0.0072 ns,0.0125 ns,0.0111 ns,0.0030 ns,0.0010 ns,0.0000 ns,0.0000 ns,0.0095 ns,0.0318 ns,"138,557,292,929.8"
Vector2_NoCompare,DefaultJob,False,Default,Default,Default,Default,Default,Default,1111111111111111,Empty,RyuJit,X64,8c5e7fda-e8bf-4a96-9a85-a6e23a8c635c,.NET 6.0,False,True,False,True,Default,Default,False,False,False,Default,Default,Default,Default,Default,Default,Default,Default,Default,Default,Default,Default,Default,Default,Default,Default,Default,16,Default,123,0.7441 ns,0.0217 ns,0.0181 ns,0.0050 ns,0.7504 ns,0.7072 ns,0.7390 ns,0.7561 ns,0.7676 ns,"1,343,855,962.8"
Vector2_NoAdd,DefaultJob,False,Default,Default,Default,Default,Default,Default,1111111111111111,Empty,RyuJit,X64,8c5e7fda-e8bf-4a96-9a85-a6e23a8c635c,.NET 6.0,False,True,False,True,Default,Default,False,False,False,Default,Default,Default,Default,Default,Default,Default,Default,Default,Default,Default,Default,Default,Default,Default,Default,Default,16,Default,123,0.7648 ns,0.0264 ns,0.0247 ns,0.0064 ns,0.7689 ns,0.7187 ns,0.7459 ns,0.7844 ns,0.7948 ns,"1,307,490,982.5"
Vector2,DefaultJob,False,Default,Default,Default,Default,Default,Default,1111111111111111,Empty,RyuJit,X64,8c5e7fda-e8bf-4a96-9a85-a6e23a8c635c,.NET 6.0,False,True,False,True,Default,Default,False,False,False,Default,Default,Default,Default,Default,Default,Default,Default,Default,Default,Default,Default,Default,Default,Default,Default,Default,16,Default,2147483647,1.0541 ns,0.0236 ns,0.0209 ns,0.0056 ns,1.0549 ns,1.0171 ns,1.0480 ns,1.0686 ns,1.0860 ns,"948,691,036.6"
Void,DefaultJob,False,Default,Default,Default,Default,Default,Default,1111111111111111,Empty,RyuJit,X64,8c5e7fda-e8bf-4a96-9a85-a6e23a8c635c,.NET 6.0,False,True,False,True,Default,Default,False,False,False,Default,Default,Default,Default,Default,Default,Default,Default,Default,Default,Default,Default,Default,Default,Default,Default,Default,16,Default,2147483647,0.2627 ns,0.0078 ns,0.0070 ns,0.0019 ns,0.2630 ns,0.2498 ns,0.2591 ns,0.2678 ns,0.2725 ns,"3,807,299,254.5"
VoidVoid,DefaultJob,False,Default,Default,Default,Default,Default,Default,1111111111111111,Empty,RyuJit,X64,8c5e7fda-e8bf-4a96-9a85-a6e23a8c635c,.NET 6.0,False,True,False,True,Default,Default,False,False,False,Default,Default,Default,Default,Default,Default,Default,Default,Default,Default,Default,Default,Default,Default,Default,Default,Default,16,Default,2147483647,0.0009 ns,0.0025 ns,0.0024 ns,0.0006 ns,0.0000 ns,0.0000 ns,0.0000 ns,0.0000 ns,0.0074 ns,"1,066,122,601,143.8"
Vector2_Noreturen,DefaultJob,False,Default,Default,Default,Default,Default,Default,1111111111111111,Empty,RyuJit,X64,8c5e7fda-e8bf-4a96-9a85-a6e23a8c635c,.NET 6.0,False,True,False,True,Default,Default,False,False,False,Default,Default,Default,Default,Default,Default,Default,Default,Default,Default,Default,Default,Default,Default,Default,Default,Default,16,Default,2147483647,0.0044 ns,0.0061 ns,0.0054 ns,0.0014 ns,0.0023 ns,0.0000 ns,0.0000 ns,0.0066 ns,0.0153 ns,"227,032,784,433.1"
Vector2_NoCompare,DefaultJob,False,Default,Default,Default,Default,Default,Default,1111111111111111,Empty,RyuJit,X64,8c5e7fda-e8bf-4a96-9a85-a6e23a8c635c,.NET 6.0,False,True,False,True,Default,Default,False,False,False,Default,Default,Default,Default,Default,Default,Default,Default,Default,Default,Default,Default,Default,Default,Default,Default,Default,16,Default,2147483647,0.7733 ns,0.0402 ns,0.0357 ns,0.0095 ns,0.7773 ns,0.7011 ns,0.7545 ns,0.8002 ns,0.8232 ns,"1,293,175,489.2"
Vector2_NoAdd,DefaultJob,False,Default,Default,Default,Default,Default,Default,1111111111111111,Empty,RyuJit,X64,8c5e7fda-e8bf-4a96-9a85-a6e23a8c635c,.NET 6.0,False,True,False,True,Default,Default,False,False,False,Default,Default,Default,Default,Default,Default,Default,Default,Default,Default,Default,Default,Default,Default,Default,Default,Default,16,Default,2147483647,0.7602 ns,0.0281 ns,0.0263 ns,0.0068 ns,0.7733 ns,0.7112 ns,0.7409 ns,0.7821 ns,0.7847 ns,"1,315,478,718.6"
